,Property Type,Climate Zone,City,HeatingSource,CoolingSource,FanSource,TotalSource
0,HotelLarge,4B,Albuquerque,334.72836000000007,2632.15704,1805.6333799999998,4772.51878
1,HotelLarge,3A,Atlanta,356.00728000000004,4478.07466,1811.4923299999998,6645.57427
2,HotelLarge,5A,Buffalo,550.71536,2002.39909,1769.87795,4322.9924
3,HotelLarge,5B,Denver,392.03944000000007,2088.66817,1749.1974400000001,4229.90505
4,HotelLarge,3B,ElPaso,314.90200000000004,3844.45297,1867.3265399999998,6026.68151
5,HotelLarge,8,Fairbanks,3138.451,845.0506099999999,1620.64891,5604.150519999999
6,HotelLarge,6B,GreatFalls,885.8556400000001,1500.7462899999998,1639.4292199999998,4026.03115
7,HotelLarge,7,InternationalFalls,1981.3460400000001,1555.8520899999999,1666.7287599999997,5203.92689
8,HotelLarge,1A,Miami,4.693720000000001,9271.42417,1866.40811,11142.526
9,HotelLarge,4A,NewYork,402.71684,3104.1983899999996,1798.7926599999998,5305.70789
10,HotelLarge,6A,Rochester,1218.9038,2049.52405,1675.31133,4943.7391800000005
11,HotelLarge,3C,SanDiego,333.059,2416.89605,1804.5565999999997,4554.5116499999995
12,HotelLarge,4C,Seattle,272.084,1317.06029,1710.59171,3299.736
13,HotelLarge,2A,Tampa,167.53220000000002,7556.39866,1889.59055,9613.52141
14,HotelLarge,2B,Tucson,168.74627999999998,5175.226369999999,1916.5100499999999,7260.4827
15,HotelSmall,4B,Albuquerque,128.25137999999998,784.5609099999999,906.33206,1819.1443499999998
16,HotelSmall,3A,Atlanta,164.78685,977.52622,741.93309,1884.24616
17,HotelSmall,5A,Buffalo,609.51721,535.50803,674.3809799999999,1819.4062199999998
18,HotelSmall,5B,Denver,300.86091999999996,631.46813,889.9586699999999,1822.2877199999998
19,HotelSmall,3B,ElPaso,65.12861,1006.1875699999998,852.08135,1923.3975299999997
20,HotelSmall,8,Fairbanks,1538.13595,323.76241,725.90807,2587.80643
21,HotelSmall,6B,GreatFalls,592.08984,482.6508,819.6829399999999,1894.42358
22,HotelSmall,7,InternationalFalls,1176.8771199999999,439.35790999999995,726.6998199999999,2342.9348499999996
23,HotelSmall,1A,Miami,1.77352,1723.44973,769.3593099999999,2494.58256
24,HotelSmall,4A,NewYork,357.76187999999996,722.58272,687.8090599999999,1768.15366
25,HotelSmall,6A,Rochester,988.0810899999999,525.21528,699.3369399999999,2212.63331
26,HotelSmall,3C,SanDiego,16.40506,781.0772099999999,752.60588,1550.08815
27,HotelSmall,4C,Seattle,170.94062,519.3246599999999,722.10767,1412.37295
28,HotelSmall,2A,Tampa,22.75075,1417.13749,754.63276,2194.5209999999997
29,HotelSmall,2B,Tucson,22.07654,1198.0761,891.4154900000001,2111.56813
30,OfficeLarge,4B,Albuquerque,1282.0359600000002,6504.099569999999,7799.90929,15586.04482
31,OfficeLarge,3A,Atlanta,204.77844000000002,8025.46303,6643.95429,14874.195759999999
32,OfficeLarge,5A,Buffalo,863.6228000000001,3931.5138,6197.2489399999995,10992.38554
33,OfficeLarge,5B,Denver,2352.54016,4833.38039,7496.03564,14681.95619
34,OfficeLarge,3B,ElPaso,618.7472,8689.89963,7601.62342,16910.27025
35,OfficeLarge,8,Fairbanks,3410.264,2150.80471,6004.695339999999,11565.764049999998
36,OfficeLarge,6B,GreatFalls,4227.5458,3429.5443,6914.796129999999,14571.886229999998
37,OfficeLarge,7,InternationalFalls,2553.81728,3435.84663,6259.607169999999,12249.271079999999
38,OfficeLarge,1A,Miami,2.6991600000000004,17324.72513,7597.5063199999995,24924.93061
39,OfficeLarge,4A,NewYork,465.44792,5621.99506,6164.343809999999,12251.786789999998
40,OfficeLarge,6A,Rochester,2294.64372,4038.5584,6337.04032,12670.24244
41,OfficeLarge,3C,SanDiego,234.6318,5040.9139,6514.26564,11789.81134
42,OfficeLarge,4C,Seattle,1806.33424,2686.85113,5999.6914799999995,10492.87685
43,OfficeLarge,2A,Tampa,20.67188,12411.758029999999,6024.20406,18456.63397
44,OfficeLarge,2B,Tucson,179.39116,10601.310809999999,7633.990159999999,18414.692129999996
45,OfficeMedium,4B,Albuquerque,233.1031,479.73715999999996,252.63158999999996,965.4718499999999
46,OfficeMedium,3A,Atlanta,342.45345,778.79697,157.55825,1278.80867
47,OfficeMedium,5A,Buffalo,831.37738,262.92434,168.19937,1262.50109
48,OfficeMedium,5B,Denver,465.10767,328.70293,213.67748999999998,1007.48809
49,OfficeMedium,3B,ElPaso,137.80664000000002,711.8149199999999,303.81031,1153.43187
50,OfficeMedium,8,Fairbanks,1211.93061,93.61652,140.10808,1445.65521
51,OfficeMedium,6B,GreatFalls,817.55477,202.21295,175.4518,1195.2195199999999
52,OfficeMedium,7,InternationalFalls,929.27888,206.96344999999997,158.69836999999998,1294.9407
53,OfficeMedium,1A,Miami,3.42758,1732.0639699999997,238.19006999999996,1973.6816199999996
54,OfficeMedium,4A,NewYork,541.91605,459.40502,188.49984,1189.82091
55,OfficeMedium,6A,Rochester,1242.87886,283.79487,171.87309,1698.54682
56,OfficeMedium,3C,SanDiego,50.27493,377.09468999999996,197.52578999999997,624.8954099999999
57,OfficeMedium,4C,Seattle,345.18627000000004,154.10621999999998,143.11673,642.40922
58,OfficeMedium,2A,Tampa,36.91562999999999,1353.79749,194.92884999999998,1585.64197
59,OfficeMedium,2B,Tucson,40.69706,1057.778,355.9708,1454.44586
60,OfficeSmall,4B,Albuquerque,17.654,37.65563,49.88025,105.18987999999999
61,OfficeSmall,3A,Atlanta,18.73524,51.622099999999996,47.44166,117.79899999999999
62,OfficeSmall,5A,Buffalo,62.70354,17.26015,37.87732,117.84101
63,OfficeSmall,5B,Denver,40.84468999999999,23.277449999999998,45.82649,109.94862999999998
64,OfficeSmall,3B,ElPaso,8.01931,56.02423,56.150909999999996,120.19445
65,OfficeSmall,8,Fairbanks,150.87075,5.35223,37.275589999999994,193.49856999999997
66,OfficeSmall,6B,GreatFalls,66.31981,13.396410000000001,44.179649999999995,123.89587
67,OfficeSmall,7,InternationalFalls,116.53202999999999,11.939589999999999,38.82742,167.29904
68,OfficeSmall,1A,Miami,0.0,125.00148999999999,48.55011,173.55159999999998
69,OfficeSmall,4A,NewYork,35.57538,33.66521,40.030879999999996,109.27147
70,OfficeSmall,6A,Rochester,95.43402,17.64019,40.60094,153.67515
71,OfficeSmall,3C,SanDiego,1.2984699999999998,31.669999999999998,43.35623,76.32469999999999
72,OfficeSmall,4C,Seattle,21.515189999999997,12.541319999999999,39.80919,73.8657
73,OfficeSmall,2A,Tampa,0.72841,100.17220999999999,49.88025,150.78087
74,OfficeSmall,2B,Tucson,1.1401199999999998,84.17885999999999,58.20945999999999,143.52844
75,SchoolPrimary,4B,Albuquerque,373.50304000000006,976.1010699999998,699.46362,2049.0677299999998
76,SchoolPrimary,3A,Atlanta,362.56548000000004,1630.84665,678.3397299999999,2671.75186
77,SchoolPrimary,5A,Buffalo,705.6298,548.27104,625.4191599999999,1879.32
78,SchoolPrimary,5B,Denver,825.2817200000001,712.1949599999999,616.77325,2154.24993
79,SchoolPrimary,3B,ElPaso,162.14472000000004,1525.5122299999998,773.6981,2461.3550499999997
80,SchoolPrimary,8,Fairbanks,2188.1515600000002,175.54681,636.66201,3000.36038
81,SchoolPrimary,6B,GreatFalls,778.5830000000001,393.34139999999996,555.96685,1727.8912500000001
82,SchoolPrimary,7,InternationalFalls,1372.43072,422.82616999999993,637.32708,2432.58397
83,SchoolPrimary,1A,Miami,15.75052,3676.2535999999996,852.71475,4544.71887
84,SchoolPrimary,4A,NewYork,429.10140000000007,935.1200899999999,668.6803799999999,2032.9018699999997
85,SchoolPrimary,6A,Rochester,1186.01524,573.38535,643.6294099999999,2403.0299999999997
86,SchoolPrimary,3C,SanDiego,57.58208,927.70931,696.74,1682.03139
87,SchoolPrimary,4C,Seattle,625.33792,350.9036,567.11469,1543.35621
88,SchoolPrimary,2A,Tampa,79.7282,2916.0785899999996,745.89184,3741.69863
89,SchoolPrimary,2B,Tucson,42.66624,2251.48364,874.85208,3169.00196
